brand,model,age_months,ram_gb,storage_gb,camera_mp,resale_price
Google,Pixel 8 Pro,39,16,512,48,63371.74
Samsung,Galaxy M34,8,16,512,64,82115.16
OnePlus,OnePlus Open,21,16,512,64,74479
Google,Pixel 7a,11,4,256,48,52239.05
Oppo,Oppo Reno 11 Pro,11,16,256,100,77666.88
Samsung,Galaxy Z Fold5,24,16,128,32,58124.17
Google,Pixel 7a,3,16,256,48,69074.21
Apple,iPhone 15,21,4,128,100,55643.32
OnePlus,OnePlus Nord 3,33,8,256,32,46906.38
Xiaomi,Xiaomi 14 Ultra,44,4,256,32,30701.84
OnePlus,OnePlus Nord 3,25,8,256,32,51973.45
Realme,Realme GT 5 Pro,42,16,512,32,56127.4
Xiaomi,Xiaomi 14 Ultra,28,8,128,48,47241.76
Xiaomi,Redmi Note 13 Pro,44,4,128,64,35704.08
Google,Pixel 8,55,4,128,64,33720.52
Oppo,Oppo Find X7 Ultra,37,4,512,32,49835.54
Xiaomi,Xiaomi 13T Pro,51,8,256,32,37213.35
Apple,iPhone SE 3rd Gen,18,4,512,64,68256.51
Google,Pixel 8,4,8,128,32,53549.16
Google,Pixel Fold,58,8,128,100,46040.13
Apple,iPhone 14 Pro,9,16,256,48,70732.38
Vivo,iQOO 12,44,4,256,48,36221.43
Realme,Realme C55,8,16,128,100,76153.27
Vivo,Vivo V29 Pro,2,16,256,32,64152.26
Xiaomi,Poco X6 Pro,6,8,512,100,79169.75
Vivo,Vivo X100 Pro,29,8,256,100,55431.39
OnePlus,OnePlus Nord 3,18,8,512,100,74030.57
Realme,Realme 12 Pro+,48,4,128,100,45945.72
Xiaomi,Xiaomi 13T Pro,15,4,128,48,46544.14
Realme,Realme C55,16,8,256,32,51941.41
Vivo,Vivo X100 Pro,45,8,512,64,58554.53
Xiaomi,Xiaomi 14 Ultra,26,16,128,64,58051.04
OnePlus,OnePlus Nord 3,25,4,128,48,44036.76
Xiaomi,Xiaomi 14 Ultra,41,16,512,64,61510.12
Apple,iPhone SE 3rd Gen,29,8,512,100,70811.9
OnePlus,OnePlus 11R,35,4,128,48,41805.18
Vivo,iQOO 12,35,16,256,64,57952.54
Oppo,Oppo Find X7 Ultra,7,8,256,32,55515.06
Vivo,Vivo X100 Pro,9,8,128,100,58578.5
Realme,Realme Narzo 60,48,16,128,48,51693.85
Oppo,Oppo Find X7 Ultra,55,16,128,32,38844.41
OnePlus,OnePlus 12,35,4,256,64,42392.33
Xiaomi,Xiaomi 14 Ultra,44,8,256,48,47313.09
Samsung,Galaxy S24 Ultra,1,4,128,48,53483.82
Apple,iPhone SE 3rd Gen,35,4,128,64,42975.32
Vivo,Vivo X100 Pro,1,4,512,32,60983.36
Realme,Realme C55,5,8,512,32,71140.16
OnePlus,OnePlus 12,39,8,256,64,50579.09
Oppo,Oppo Find X7 Ultra,27,8,128,64,41285.83
Apple,iPhone 13 mini,42,8,512,48,57031.18
Vivo,Vivo X100 Pro,13,8,128,32,50129.09
Vivo,Vivo X100 Pro,49,8,256,48,42231.38
Apple,iPhone 15 Pro Max,52,8,512,64,59071.41
OnePlus,OnePlus 12,37,4,256,100,53847.24
Vivo,Vivo Y200,23,4,128,48,46556.29
Oppo,Oppo Find X7 Ultra,29,4,128,48,48753.48
Oppo,Oppo Reno 11 Pro,36,8,512,32,54321.2
Oppo,Oppo A78,51,16,512,48,62336.29
Realme,Realme 12 Pro+,22,16,512,32,70032.44
Realme,Realme 12 Pro+,57,8,256,32,39434.05
OnePlus,OnePlus Nord 3,53,8,128,100,46715.63
Vivo,iQOO 12,44,4,512,100,59142.17
Realme,Realme Narzo 60,20,16,128,32,56755.5
Realme,Realme Narzo 60,58,16,512,64,63588.1
OnePlus,OnePlus 11R,55,16,512,100,67114.81
Vivo,Vivo V29 Pro,33,4,128,48,41907.66
Realme,Realme GT 5 Pro,1,16,128,32,62765.65
OnePlus,OnePlus 11R,52,16,256,48,46243.58
Vivo,iQOO 12,13,16,512,100,76290.68
Xiaomi,Poco X6 Pro,37,4,512,32,49802.93
Xiaomi,Xiaomi 13T Pro,33,4,512,100,61406.18
Apple,iPhone 15 Pro Max,15,16,128,32,55832.6
Realme,Realme C55,59,4,256,100,43858.55
OnePlus,OnePlus 11R,41,8,512,64,51067.48
Realme,Realme C55,52,4,128,64,35837.04
Realme,Realme GT 5 Pro,52,8,256,64,44038.05
Samsung,Galaxy M34,12,16,256,64,69819.71
Xiaomi,Redmi Note 13 Pro,49,8,256,64,40041.11
Google,Pixel 8 Pro,37,16,512,32,63275.75
Xiaomi,Poco X6 Pro,54,4,512,64,55645.54
Samsung,Galaxy S24,23,16,256,32,61272.7
Vivo,Vivo Y200,19,8,512,32,59838.16
Oppo,Oppo Reno 11 Pro,2,4,128,100,53359.03
Apple,iPhone SE 3rd Gen,6,4,512,48,68771.07
Vivo,Vivo Y200,32,8,256,64,49801.46
Google,Pixel 7a,56,8,512,32,46428.14
OnePlus,OnePlus 11R,59,4,256,100,45525.46
Samsung,Galaxy S24,5,4,128,32,46028.02
Realme,Realme GT 5 Pro,52,4,128,48,31972.44
OnePlus,OnePlus Nord 3,48,8,128,32,36345.04
Realme,Realme Narzo 60,16,8,512,64,66036.34
Oppo,Oppo A78,6,16,256,100,81760.28
Samsung,Galaxy Z Fold5,16,8,512,32,62203.87
Vivo,Vivo V29 Pro,59,8,128,64,35363.7
Google,Pixel 8,36,4,512,100,61349.72
Apple,iPhone 14 Pro,19,4,512,64,60452
Apple,iPhone 15,20,8,256,48,50747.51
Vivo,Vivo X100 Pro,33,4,128,100,50619.18
Samsung,Galaxy A54,40,4,512,100,61736.78
Apple,iPhone 15,1,16,512,100,89196.95
Google,Pixel 8,11,8,128,100,60134.43
Samsung,Galaxy S24 Ultra,23,16,256,100,70913.3
Vivo,Vivo V29 Pro,31,8,128,100,53520.58
Vivo,Vivo X100 Pro,16,16,512,32,73287.4
Google,Pixel 8,26,16,128,48,56962.36
OnePlus,OnePlus 12,49,16,256,64,56307.75
Apple,iPhone SE 3rd Gen,2,16,512,100,92571.58
Samsung,Galaxy M34,55,4,256,64,38775.37
Vivo,Vivo Y200,9,4,256,100,66295.63
Google,Pixel Fold,16,8,128,48,47859.3
Google,Pixel 7a,3,4,512,100,73592.16
Google,Pixel 8,33,8,128,64,50862.2
Xiaomi,Xiaomi 14 Ultra,24,16,512,64,76162.41
OnePlus,OnePlus Open,35,16,256,64,64263.73
Apple,iPhone SE 3rd Gen,48,16,128,100,58432.49
Samsung,Galaxy S24 Ultra,29,4,256,48,43478.36
Xiaomi,Redmi Note 13 Pro,18,4,256,48,50768.21
Apple,iPhone 14 Pro,54,8,256,100,46005.22
OnePlus,OnePlus 11R,35,16,128,48,49448.26
Vivo,iQOO 12,33,8,512,64,62973.8
Google,Pixel 8,4,4,128,100,58238.67
OnePlus,OnePlus Open,20,8,256,48,50526.11
Samsung,Galaxy Z Fold5,56,8,256,32,40050.97
Xiaomi,Poco X6 Pro,17,8,512,64,68581.54
Xiaomi,Redmi Note 13 Pro,33,16,128,32,53301.28
Vivo,Vivo Y200,22,4,256,100,67908.56
OnePlus,OnePlus Nord 3,55,16,512,100,69873.73
Vivo,Vivo Y200,38,16,256,64,54610.54
Samsung,Galaxy Z Fold5,45,16,256,64,59639.16
Realme,Realme GT 5 Pro,27,4,512,100,64823.39
Realme,Realme GT 5 Pro,34,4,128,48,43546.12
Realme,Realme C55,47,16,128,64,47033.55
Vivo,iQOO 12,33,4,256,48,46233.42
Realme,Realme Narzo 60,19,8,256,64,54694.24
Xiaomi,Xiaomi 13T Pro,4,8,128,32,53376.44
Realme,Realme Narzo 60,17,8,256,32,52073.87
Xiaomi,Xiaomi 14 Ultra,44,8,512,32,49953.75
OnePlus,OnePlus 11R,41,4,128,100,48200.5
OnePlus,OnePlus 11R,37,4,512,100,60516.57
Apple,iPhone SE 3rd Gen,53,4,128,32,31246.11
OnePlus,OnePlus Open,31,8,256,64,49927.92
Realme,Realme C55,23,16,128,64,56076.75
Realme,Realme 12 Pro+,33,8,128,48,41510.35
Google,Pixel 8 Pro,25,8,256,48,50532.86
Apple,iPhone 15 Pro Max,42,16,256,100,64922.84
Google,Pixel Fold,40,16,256,64,59932.28
Oppo,Oppo A78,46,4,128,32,32390.6
OnePlus,OnePlus 11R,22,8,512,48,59730.96
Realme,Realme 12 Pro+,23,4,128,64,46789.18
Oppo,Oppo Find X7 Ultra,2,4,256,48,52885.35
Xiaomi,Xiaomi 14 Ultra,26,16,512,32,70315.45
Realme,Realme 12 Pro+,43,4,128,64,42065.15
Google,Pixel 8 Pro,54,16,128,64,44122.57
Realme,Realme Narzo 60,55,4,256,32,29472.07
Vivo,Vivo X100 Pro,26,16,128,64,60789.46
Apple,iPhone 15,13,8,128,100,62715.92
Samsung,Galaxy S24 Ultra,58,4,256,64,35273.18
OnePlus,OnePlus 11R,51,8,512,48,50344.86
Oppo,Oppo Find X7 Ultra,23,8,128,64,51622.14
Apple,iPhone 14 Pro,32,16,512,48,66629.42
Samsung,Galaxy M34,23,4,512,100,62619.57
Apple,iPhone 13 mini,58,8,128,48,38424.49
Oppo,Oppo A78,22,8,256,48,52052.77
Vivo,Vivo Y200,52,4,512,100,55180.65
Vivo,iQOO 12,42,16,512,32,59546.22
Apple,iPhone 13 mini,37,8,512,100,69259.09
OnePlus,OnePlus Nord 3,33,8,512,32,53320.82
OnePlus,OnePlus 11R,44,16,128,48,52244.67
Apple,iPhone 15,5,4,256,32,56453.8
Samsung,Galaxy S24 Ultra,32,8,256,64,51788.48
Vivo,Vivo X100 Pro,52,8,256,64,49687.25
Xiaomi,Xiaomi 14 Ultra,40,4,256,32,36117.48
Oppo,Oppo Reno 11 Pro,52,8,256,48,37149.28
Google,Pixel 8,58,8,256,48,32530.55
Samsung,Galaxy S24,55,8,256,64,40698.75
Google,Pixel 7a,23,4,256,100,55680.6
OnePlus,OnePlus Nord 3,9,16,512,32,73082.54
Samsung,Galaxy Z Fold5,58,8,512,48,48470.91
Apple,iPhone 15 Pro Max,1,4,512,48,60926.31
Apple,iPhone 14 Pro,54,4,512,100,53004.83
Xiaomi,Redmi Note 13 Pro,48,8,512,48,52840.95
Vivo,Vivo X100 Pro,5,8,256,100,76855.62
Oppo,Oppo Find X7 Ultra,22,8,128,32,42193.39
Vivo,iQOO 12,22,4,128,48,44864.15
Oppo,Oppo Reno 11 Pro,57,16,512,64,58629.99
Vivo,Vivo Y200,47,8,512,32,48623.93
Apple,iPhone 14 Pro,49,16,128,100,59352.05
Google,Pixel Fold,36,16,128,48,54869.66
Google,Pixel 7a,33,16,128,48,60987.61
Apple,iPhone 15 Pro Max,58,4,128,48,28100.18
Realme,Realme 12 Pro+,10,4,512,32,59485.89
Vivo,Vivo V29 Pro,56,4,256,64,40336.79
OnePlus,OnePlus 12,5,4,128,32,51201.06
Samsung,Galaxy A54,16,16,512,100,88739.54
OnePlus,OnePlus 11R,55,4,256,100,48570.42
Apple,iPhone 15 Pro Max,12,8,256,48,59127.05
Realme,Realme 12 Pro+,50,16,256,48,48438.19
OnePlus,OnePlus 12,51,4,128,48,33183.92
Apple,iPhone 13 mini,43,4,512,48,48666.7
OnePlus,OnePlus 11R,33,16,256,32,57632.03
OnePlus,OnePlus Open,40,16,128,32,46859.09
OnePlus,OnePlus 11R,8,16,256,32,66394.69
Realme,Realme GT 5 Pro,29,16,256,32,55404.56
OnePlus,OnePlus 11R,4,4,256,48,58561.21
Samsung,Galaxy Z Fold5,58,4,512,100,55614.04
Realme,Realme Narzo 60,29,16,512,32,71000.79
Oppo,Oppo Find X7 Ultra,56,16,256,32,49161.8
OnePlus,OnePlus 11R,57,4,256,32,33766.29
Samsung,Galaxy M34,36,8,128,48,45113.15
OnePlus,OnePlus 11R,35,16,128,32,48132.08
Google,Pixel 7a,49,16,128,100,55080.45
Samsung,Galaxy A54,49,4,512,100,57364.1
Samsung,Galaxy S24,39,8,256,64,52871.95
Apple,iPhone 15,32,4,128,32,37984.18
Vivo,Vivo X100 Pro,37,16,128,32,52124.55
Oppo,Oppo K11,23,16,512,48,67948.72
Apple,iPhone 15 Pro Max,25,16,256,64,62642.71
Google,Pixel 8,49,8,512,64,50078.48
OnePlus,OnePlus Nord 3,20,16,256,32,59219.64
OnePlus,OnePlus Nord 3,59,16,128,100,56164.71
Google,Pixel 8 Pro,19,8,128,100,60533.54
Vivo,Vivo Y200,52,4,256,100,45537.04
Samsung,Galaxy Z Fold5,19,4,256,64,49906.91
Apple,iPhone SE 3rd Gen,5,16,128,48,65273.59
Apple,iPhone 13 mini,35,8,256,48,51851.51
Oppo,Oppo Find X7 Ultra,21,4,512,32,62045.42
Oppo,Oppo A78,36,4,512,64,60734.42
Vivo,Vivo Y200,47,8,512,64,56554.89
Samsung,Galaxy S24 Ultra,12,4,256,32,52609.2
Xiaomi,Poco X6 Pro,17,16,512,100,84932.21
Google,Pixel Fold,38,8,128,32,40436.14
Oppo,Oppo Reno 11 Pro,42,16,512,100,71672.43
Xiaomi,Xiaomi 14 Ultra,9,4,512,100,73937.1
Xiaomi,Redmi Note 13 Pro,5,8,256,32,60155.76
Oppo,Oppo Find X7 Ultra,29,4,128,64,39493.73
Apple,iPhone 15,52,4,512,48,40985.74
Vivo,iQOO 12,17,8,512,48,62201.26
Vivo,Vivo V29 Pro,31,4,256,100,58780.36
Realme,Realme C55,19,4,256,64,53690.45
Oppo,Oppo A78,27,8,512,32,62274.91
OnePlus,OnePlus Nord 3,10,8,512,48,66177.45
OnePlus,OnePlus 12,28,4,256,32,43305.17
Xiaomi,Redmi Note 13 Pro,58,16,512,100,69688.82
Vivo,Vivo Y200,41,16,256,48,57897.1
Apple,iPhone 14 Pro,39,8,128,48,43807.88
Samsung,Galaxy M34,57,8,512,32,50461.4
Vivo,Vivo V29 Pro,49,4,256,64,40866.59
Samsung,Galaxy S24,53,16,128,48,43376.65
Google,Pixel 8,6,4,512,32,54915.57
Apple,iPhone 14 Pro,16,8,128,48,53267.05
OnePlus,OnePlus 12,54,8,512,48,52301.62
Realme,Realme 12 Pro+,57,4,256,48,31134.46
Samsung,Galaxy S24,18,8,128,64,51866.4
Apple,iPhone 15,15,8,256,32,51512.41
Samsung,Galaxy S24 Ultra,31,16,128,32,56709.45
OnePlus,OnePlus 11R,11,16,128,64,63519.48
OnePlus,OnePlus 12,12,4,512,100,68074.42
Realme,Realme 12 Pro+,53,8,256,64,43116.74
Realme,Realme 12 Pro+,8,4,256,64,58583.85
Apple,iPhone 14 Pro,8,8,128,48,51137.24
Google,Pixel 7a,58,16,512,100,64460.06
Vivo,iQOO 12,37,4,256,48,39755.99
Vivo,Vivo V29 Pro,41,16,128,32,46989.04
Oppo,Oppo K11,17,8,256,48,50004.62
Xiaomi,Poco X6 Pro,9,4,512,64,68728.88
Realme,Realme 12 Pro+,28,8,512,64,60965.06
Realme,Realme GT 5 Pro,48,16,512,32,61091.38
Samsung,Galaxy S24,2,16,128,32,68439.14
Realme,Realme 12 Pro+,10,16,512,48,80593.18
Xiaomi,Redmi Note 13 Pro,32,4,256,32,40195.18
Xiaomi,Xiaomi 14 Ultra,47,8,128,64,42760.3
Vivo,Vivo Y200,25,4,512,100,62153.63
Google,Pixel 8,22,8,256,64,57120.67
Oppo,Oppo Reno 11 Pro,33,4,256,100,57565.67
Oppo,Oppo Reno 11 Pro,34,4,256,48,44912.98
Xiaomi,Xiaomi 13T Pro,5,4,128,100,66492.47
Vivo,Vivo V29 Pro,38,16,128,48,52660.9
OnePlus,OnePlus 11R,53,16,512,48,62184.56
Xiaomi,Xiaomi 14 Ultra,37,8,256,100,54666.11
Xiaomi,Xiaomi 14 Ultra,21,4,128,48,48926.9
Oppo,Oppo Find X7 Ultra,14,4,512,32,55746.28
Realme,Realme GT 5 Pro,45,16,256,100,60627.99
Samsung,Galaxy Z Fold5,13,16,128,64,66082.81
Oppo,Oppo Find X7 Ultra,40,8,256,32,42481.82
Realme,Realme Narzo 60,32,16,128,100,63874.68
OnePlus,OnePlus Open,54,16,512,48,57775.39
Realme,Realme C55,54,4,256,48,34116.79
Xiaomi,Poco X6 Pro,1,4,512,32,65981.68
Oppo,Oppo K11,54,8,512,64,53784.57
OnePlus,OnePlus Nord 3,47,16,128,64,55761.79
Samsung,Galaxy Z Fold5,23,16,128,64,63097.47
Apple,iPhone 15 Pro Max,2,16,256,48,75448.05
Google,Pixel Fold,11,8,128,48,51910.64
Apple,iPhone 14 Pro,34,16,128,100,61967.5
Apple,iPhone 15 Pro Max,38,4,512,32,53514.38
Google,Pixel 7a,15,4,256,64,58420.48
Vivo,Vivo Y200,27,16,256,64,64696.38
Vivo,Vivo V29 Pro,57,16,512,48,56485.16
Realme,Realme C55,38,4,128,32,37654.73
Realme,Realme C55,30,4,256,64,47943.38
Samsung,Galaxy A54,55,8,128,100,51274.2
Oppo,Oppo Reno 11 Pro,29,4,512,64,58379.71
Oppo,Oppo A78,4,8,128,32,57179.51
Realme,Realme 12 Pro+,17,16,256,48,64531.84
Apple,iPhone 15,20,8,256,100,64808.21
OnePlus,OnePlus 12,53,4,128,48,31613.74
Google,Pixel 8,2,4,256,32,57368.7
Google,Pixel Fold,48,4,256,100,42876.11
Samsung,Galaxy M34,11,4,512,32,60271.44
Apple,iPhone SE 3rd Gen,40,8,512,32,49225.39
Google,Pixel 7a,4,16,256,64,75508.95
Samsung,Galaxy Z Fold5,3,8,512,48,69015.25
Oppo,Oppo Find X7 Ultra,27,4,256,64,46276.39
Vivo,iQOO 12,58,16,128,100,55118.15
Samsung,Galaxy A54,51,8,256,48,39149.63
Oppo,Oppo Find X7 Ultra,21,16,128,64,59983.17
Apple,iPhone 15 Pro Max,6,8,128,32,52092.15
OnePlus,OnePlus Nord 3,26,4,512,100,61955.46
Samsung,Galaxy S24,46,8,512,32,50066.79
Samsung,Galaxy S24,45,16,128,64,44780.89
OnePlus,OnePlus Nord 3,27,16,128,64,57125.89
Google,Pixel 7a,30,16,128,100,65375.43
OnePlus,OnePlus 12,43,4,256,32,40086.9
Realme,Realme Narzo 60,49,8,256,32,37703.82
OnePlus,OnePlus Nord 3,35,16,512,64,67915.87
Samsung,Galaxy S24 Ultra,56,16,128,100,52408.59
Realme,Realme C55,22,4,256,48,51098.36
OnePlus,OnePlus 11R,14,16,256,64,66543.88
Samsung,Galaxy S24 Ultra,24,8,256,32,48898.01
Xiaomi,Xiaomi 13T Pro,59,4,256,100,43574.16
Vivo,Vivo Y200,56,8,256,64,43980.71
Xiaomi,Redmi Note 13 Pro,23,8,512,64,62290.34
OnePlus,OnePlus Nord 3,46,16,128,64,50635.82
OnePlus,OnePlus Nord 3,51,8,128,64,43131.06
Google,Pixel 7a,15,8,128,64,55554.41
Realme,Realme 12 Pro+,28,4,256,64,47491.5
Samsung,Galaxy S24,10,4,128,64,55666.2
Samsung,Galaxy S24 Ultra,22,4,512,100,67645.84
Realme,Realme C55,26,4,512,64,53768.36
OnePlus,OnePlus 12,13,16,256,100,76631.74
Realme,Realme Narzo 60,20,16,512,32,62805.79
Xiaomi,Poco X6 Pro,41,8,512,100,62849.14
Realme,Realme C55,45,4,128,48,43283.31
Vivo,Vivo Y200,22,4,256,100,55931.95
Apple,iPhone 13 mini,34,4,512,32,56654.55
Realme,Realme Narzo 60,44,4,512,48,53280.44
Samsung,Galaxy Z Fold5,19,8,128,64,48050
Google,Pixel 8,52,4,512,100,51228.44
Samsung,Galaxy Z Fold5,26,4,256,32,39520.59
Google,Pixel 8,59,4,512,100,54055.05
Oppo,Oppo K11,45,16,256,32,52533.88
OnePlus,OnePlus 11R,53,4,256,32,32688.68
OnePlus,OnePlus Open,22,16,512,100,79314.46
Apple,iPhone 13 mini,48,8,256,48,38908.76
Vivo,Vivo X100 Pro,4,4,512,32,64471.82
Samsung,Galaxy Z Fold5,15,8,512,48,65631.91
Apple,iPhone 15 Pro Max,6,4,256,48,54971.43
Vivo,Vivo V29 Pro,38,8,512,32,54547.09
Xiaomi,Xiaomi 13T Pro,51,16,512,32,59320.61
Xiaomi,Poco X6 Pro,11,8,128,100,65383.41
Vivo,iQOO 12,8,16,512,32,78716.4
Google,Pixel 8 Pro,5,16,256,64,72401.27
Apple,iPhone 15,6,8,128,64,60281.89
Google,Pixel 7a,12,16,512,100,82671.95
Xiaomi,Xiaomi 13T Pro,47,4,256,48,41809.35
Google,Pixel 8 Pro,38,16,128,48,54603.66
Samsung,Galaxy S24,37,16,512,48,68443.82
Samsung,Galaxy M34,13,16,128,100,71515.09
Xiaomi,Xiaomi 14 Ultra,43,8,256,64,42258.86
Realme,Realme GT 5 Pro,56,8,512,32,49915.57
Oppo,Oppo A78,10,4,128,64,58290.28
OnePlus,OnePlus 11R,2,16,128,48,72967.97
Apple,iPhone 15 Pro Max,13,16,128,100,69586.61
Oppo,Oppo A78,37,16,128,48,53367.95
Google,Pixel Fold,9,8,128,100,65201.86
Oppo,Oppo A78,24,16,128,64,65285.1
OnePlus,OnePlus 12,38,4,128,100,41326.71
Oppo,Oppo K11,49,4,256,48,34443.96
Realme,Realme 12 Pro+,5,16,128,100,75886.22
Samsung,Galaxy S24,9,8,512,100,74957.05
OnePlus,OnePlus 12,34,4,256,32,42506.14
Vivo,iQOO 12,29,8,512,32,61815.44
Apple,iPhone 14 Pro,8,8,512,48,69688.73
OnePlus,OnePlus Nord 3,30,16,512,32,68143.14
Apple,iPhone 15 Pro Max,35,8,256,48,49481.97
Apple,iPhone 14 Pro,59,4,128,64,30831.8
Realme,Realme C55,14,16,512,100,77343.65
Xiaomi,Xiaomi 13T Pro,45,4,256,32,37692.53
Realme,Realme C55,42,8,256,32,46423.95
OnePlus,OnePlus 11R,39,4,128,100,45353.76
OnePlus,OnePlus 11R,40,8,128,100,48881.66
Realme,Realme GT 5 Pro,38,4,128,100,39831.43
Vivo,Vivo Y200,33,4,512,64,56099.86
Vivo,Vivo X100 Pro,25,16,128,64,65648.42
Xiaomi,Poco X6 Pro,17,4,256,100,59182.67
Google,Pixel 8,14,4,256,48,54475.09
Vivo,iQOO 12,53,16,512,100,69685.75
Apple,iPhone 15,51,8,128,48,39825.31
Google,Pixel Fold,6,8,256,100,69696.88
Google,Pixel 7a,8,16,128,32,63089.04
Apple,iPhone SE 3rd Gen,42,16,128,100,60980.11
OnePlus,OnePlus Open,29,16,256,32,55970.31
Apple,iPhone SE 3rd Gen,33,4,512,100,65659.25
Realme,Realme 12 Pro+,36,8,512,32,54146.68
Vivo,Vivo Y200,29,8,256,48,49107.08
Vivo,Vivo V29 Pro,37,8,128,100,49518.01
Vivo,Vivo V29 Pro,27,4,512,48,60466.76
OnePlus,OnePlus 12,59,8,128,100,44786.61
Apple,iPhone SE 3rd Gen,10,8,256,64,64452
Xiaomi,Redmi Note 13 Pro,31,16,512,100,76062.45
Samsung,Galaxy S24 Ultra,47,4,128,48,38302.67
Google,Pixel 8 Pro,5,8,256,48,58754.93
Samsung,Galaxy S24 Ultra,29,16,512,100,80980.21
OnePlus,OnePlus 11R,2,16,512,32,74082.96
Xiaomi,Xiaomi 14 Ultra,27,4,256,32,48224.19
Realme,Realme C55,36,8,128,32,43717.96
Google,Pixel Fold,26,4,128,48,40005.19
OnePlus,OnePlus Open,11,8,128,32,46394.87
Samsung,Galaxy M34,10,8,128,32,47012.2
Samsung,Galaxy S24 Ultra,23,4,128,100,50869.15
Oppo,Oppo A78,47,8,512,100,64364.49
Realme,Realme C55,26,8,512,32,53001.22
Realme,Realme Narzo 60,13,8,256,32,56940.51
Vivo,iQOO 12,43,16,256,64,54436.33
Google,Pixel 7a,12,8,512,32,67396.15
Google,Pixel 8,31,8,512,64,63825.38
Samsung,Galaxy S24,58,4,128,100,37040.89
OnePlus,OnePlus Open,36,4,128,100,46269.98
Vivo,Vivo V29 Pro,54,8,512,100,57381.36
Realme,Realme GT 5 Pro,54,16,512,64,65133.62
Vivo,iQOO 12,55,8,256,100,51307.74
Oppo,Oppo K11,47,16,512,32,54664.19
Vivo,Vivo Y200,9,8,128,48,51531.37
Google,Pixel Fold,57,4,128,64,35147.52
Xiaomi,Poco X6 Pro,53,4,128,64,31625.47
Apple,iPhone 15,52,4,256,64,40279.84
Apple,iPhone 14 Pro,25,4,256,32,39463.81
OnePlus,OnePlus 12,27,8,256,48,42349.93
Samsung,Galaxy A54,17,8,256,64,56838.69
Xiaomi,Xiaomi 13T Pro,59,8,512,32,44948.63
Oppo,Oppo Reno 11 Pro,51,4,256,48,38532.99
Apple,iPhone SE 3rd Gen,52,16,128,32,38668.27
Google,Pixel 8,6,4,256,48,52665.51
Xiaomi,Xiaomi 13T Pro,26,4,256,100,59304.13
OnePlus,OnePlus 11R,28,4,512,48,55414.83
Apple,iPhone SE 3rd Gen,17,8,256,48,50574.72
OnePlus,OnePlus 11R,20,4,256,48,56799.12
Oppo,Oppo Find X7 Ultra,22,16,128,100,62584.77
Apple,iPhone 13 mini,28,4,512,100,60166.21
Realme,Realme C55,7,8,512,64,71723.89
Realme,Realme Narzo 60,1,8,128,48,54489.69
Samsung,Galaxy S24 Ultra,51,8,256,32,33681.13
Realme,Realme Narzo 60,59,4,128,32,24596.72
Realme,Realme GT 5 Pro,30,8,128,48,49388.89
Oppo,Oppo A78,29,8,256,100,55300.45
Apple,iPhone 15,16,4,512,48,64722.52
Samsung,Galaxy S24 Ultra,40,16,512,64,62275.11
Oppo,Oppo A78,51,8,512,32,50158.06
Google,Pixel 8,47,8,512,48,60257.01
OnePlus,OnePlus 11R,49,8,512,32,55016.63
OnePlus,OnePlus 11R,50,8,128,32,40013.08
Xiaomi,Poco X6 Pro,4,4,512,48,64701.75
Samsung,Galaxy A54,1,16,128,100,74434.91
Realme,Realme GT 5 Pro,3,16,128,32,62520.05
Realme,Realme C55,32,16,256,32,57789.84
Apple,iPhone 14 Pro,34,8,512,64,59483.31
Oppo,Oppo A78,33,8,512,48,61000.95
Vivo,Vivo V29 Pro,1,4,128,32,53772.55
Oppo,Oppo Find X7 Ultra,57,4,256,100,41670.47
Apple,iPhone 13 mini,59,16,128,32,38472.98
Google,Pixel 8 Pro,8,8,128,32,51960.92
Vivo,iQOO 12,3,8,512,48,69536.38
Realme,Realme Narzo 60,51,4,512,100,51348.08
OnePlus,OnePlus 11R,34,8,512,64,62757.24
Vivo,Vivo X100 Pro,35,8,256,100,60205.06
Xiaomi,Xiaomi 13T Pro,56,8,512,100,55063.66
Vivo,Vivo X100 Pro,46,4,256,100,47186.86
Xiaomi,Xiaomi 13T Pro,37,4,512,64,58207.82
Google,Pixel 8,54,16,128,100,52943.99
Xiaomi,Xiaomi 13T Pro,48,16,256,100,58913.59
OnePlus,OnePlus Open,18,4,128,48,46779.93
Oppo,Oppo Find X7 Ultra,18,4,512,48,55093.88
Realme,Realme GT 5 Pro,2,8,128,48,57658.6
Vivo,Vivo V29 Pro,11,4,256,32,52550.94
Apple,iPhone 15,42,16,256,48,53509.84
Vivo,Vivo X100 Pro,55,4,256,100,48297.76
Google,Pixel 8,12,8,256,48,55854.53
Realme,Realme GT 5 Pro,30,16,256,64,65980.98
OnePlus,OnePlus 12,9,8,128,48,48421.22
Realme,Realme C55,52,16,512,48,58189
OnePlus,OnePlus 11R,58,16,256,64,49709.01
Xiaomi,Poco X6 Pro,10,16,512,48,78057.19
OnePlus,OnePlus 12,30,4,256,32,45678.42
Google,Pixel 8,32,16,512,64,70739.39
Samsung,Galaxy S24 Ultra,17,8,256,64,65685.06
Oppo,Oppo Reno 11 Pro,9,4,128,100,49631.99
Realme,Realme GT 5 Pro,40,16,512,32,59298.52
Xiaomi,Poco X6 Pro,9,16,512,64,85307.5
OnePlus,OnePlus 11R,54,4,128,32,25187.67
Xiaomi,Xiaomi 14 Ultra,26,8,512,32,63905.39
Samsung,Galaxy A54,58,8,128,32,32606.25
OnePlus,OnePlus Open,37,4,256,32,41744.1
Oppo,Oppo Reno 11 Pro,11,4,512,32,59472.1
Google,Pixel 8,42,16,256,100,68624.3
Oppo,Oppo K11,36,4,128,100,45411.17
Vivo,iQOO 12,37,8,256,32,44509.11
Oppo,Oppo K11,25,16,256,64,70565.59
Google,Pixel 8,53,8,128,32,33572.24
Google,Pixel Fold,42,4,256,48,39221.3
Samsung,Galaxy Z Fold5,31,16,256,64,60179.82
Oppo,Oppo Find X7 Ultra,6,8,256,64,59733.62
Vivo,iQOO 12,45,4,256,32,39264.44
Realme,Realme GT 5 Pro,57,4,512,48,52532.48
Vivo,Vivo Y200,17,16,128,64,62699.02
Samsung,Galaxy A54,26,4,256,32,48682.67
Apple,iPhone 15 Pro Max,46,4,128,48,32909.6
Google,Pixel 7a,2,16,256,100,82042.39
Samsung,Galaxy S24,51,4,512,64,46481.33
Realme,Realme Narzo 60,53,16,256,64,48818.31
Realme,Realme C55,21,4,128,64,49288.32
Oppo,Oppo Find X7 Ultra,11,16,128,64,62799.49
Samsung,Galaxy M34,49,4,256,100,42767.03
Oppo,Oppo K11,59,8,256,64,43345.39
Samsung,Galaxy S24,34,4,256,64,40980.89
Vivo,Vivo Y200,55,4,128,64,35403.28
Apple,iPhone 13 mini,5,16,128,100,75280.72
Apple,iPhone SE 3rd Gen,56,4,128,32,29614.59
Samsung,Galaxy M34,43,16,512,100,67982.67
Realme,Realme Narzo 60,17,16,512,100,91640.27
Oppo,Oppo Reno 11 Pro,34,4,512,100,61807.81
Oppo,Oppo K11,9,8,512,64,69295.44
Xiaomi,Poco X6 Pro,9,16,128,100,73868.19
Google,Pixel 7a,40,4,512,48,50246.29
OnePlus,OnePlus 12,43,4,256,100,55315.1
Vivo,Vivo V29 Pro,40,4,512,100,54656.65
Vivo,Vivo V29 Pro,3,4,256,100,64258.76
Realme,Realme GT 5 Pro,50,8,128,32,36895.33
Apple,iPhone SE 3rd Gen,30,4,512,100,66880.8
Oppo,Oppo A78,38,16,512,32,56950.68
Google,Pixel 7a,44,4,128,64,41918.44
Realme,Realme 12 Pro+,59,4,256,100,42918.09
Google,Pixel Fold,47,4,128,32,33257.18
Vivo,iQOO 12,12,16,256,32,67579.85
Realme,Realme Narzo 60,8,16,128,64,67388.72
Oppo,Oppo K11,31,16,256,100,70579.32
Google,Pixel 8,54,4,512,32,45392.54
Google,Pixel 8 Pro,16,8,512,32,60405.33
Realme,Realme C55,25,8,128,48,49777.06
Realme,Realme C55,12,4,256,48,53996.26
Oppo,Oppo A78,23,8,128,48,49194.98
Samsung,Galaxy Z Fold5,26,8,512,100,72780.08
Oppo,Oppo K11,14,16,128,64,65035
Realme,Realme 12 Pro+,15,8,512,64,64526.57
Realme,Realme Narzo 60,48,8,256,64,49302.75
Realme,Realme GT 5 Pro,8,16,128,32,64909.48
Realme,Realme 12 Pro+,39,8,256,64,49218.65
OnePlus,OnePlus 12,35,16,128,32,53489.42
Vivo,iQOO 12,17,8,256,64,56602.85
OnePlus,OnePlus 11R,14,8,128,32,44673.23
Google,Pixel 8,45,4,256,48,41028.36
Google,Pixel 8,34,16,128,64,56858.89
Oppo,Oppo A78,26,4,256,32,47413.28
Vivo,Vivo X100 Pro,55,4,128,64,38493.56
Google,Pixel 8,56,8,128,32,26250.34
Apple,iPhone 14 Pro,49,16,128,64,57237.79
Samsung,Galaxy M34,13,4,128,64,52176.82
Xiaomi,Redmi Note 13 Pro,18,8,128,48,41916.43
Xiaomi,Xiaomi 14 Ultra,44,16,128,32,49211.01
OnePlus,OnePlus 11R,2,4,512,32,64998.55
Oppo,Oppo K11,35,16,512,48,66912.81
Vivo,Vivo V29 Pro,59,16,128,100,51398.81
Xiaomi,Poco X6 Pro,53,4,128,48,36300.38
Samsung,Galaxy Z Fold5,44,16,256,32,54309.44
Google,Pixel Fold,47,8,256,64,47300.05
Google,Pixel 7a,57,4,256,32,30272.12
Samsung,Galaxy S24 Ultra,39,8,512,64,63163.5
Samsung,Galaxy Z Fold5,20,16,512,48,69923.95
Google,Pixel 8 Pro,3,8,512,48,72539.39
OnePlus,OnePlus 11R,45,8,128,32,32470.54
Vivo,Vivo X100 Pro,4,16,128,32,59854.38
Realme,Realme C55,18,16,256,48,58315.55
Google,Pixel 8,24,8,256,100,58035.96
Xiaomi,Xiaomi 14 Ultra,4,8,128,32,56439.05
Vivo,Vivo X100 Pro,46,16,128,64,51104.54
Xiaomi,Xiaomi 13T Pro,24,16,256,48,69706.6
OnePlus,OnePlus Nord 3,25,4,512,48,54202.34
Vivo,Vivo X100 Pro,7,4,128,100,60020.97
Realme,Realme C55,53,16,256,32,49320.47
Google,Pixel 8,51,8,128,48,32217.63
Vivo,Vivo V29 Pro,34,8,512,32,54920.38
Vivo,Vivo Y200,57,16,512,100,65294.79
Samsung,Galaxy Z Fold5,3,4,128,32,47034.7
Realme,Realme 12 Pro+,56,16,256,48,47788.1
Samsung,Galaxy S24,47,4,256,100,47413.63
Samsung,Galaxy A54,23,4,256,48,52816.64
OnePlus,OnePlus Open,17,4,128,100,53625.07
Oppo,Oppo Find X7 Ultra,24,8,128,64,50716.9
OnePlus,OnePlus 11R,13,16,128,32,62312.58
Oppo,Oppo Find X7 Ultra,56,16,256,64,44981.58
Xiaomi,Redmi Note 13 Pro,59,16,128,48,40865.29
Samsung,Galaxy S24 Ultra,28,16,256,100,67994.96
OnePlus,OnePlus 11R,34,16,128,64,56499.41
Apple,iPhone 13 mini,12,8,128,100,62055.68
Vivo,Vivo Y200,25,4,512,48,55750.37
Oppo,Oppo K11,5,4,256,100,61815.38
Realme,Realme C55,15,8,256,64,62248.26
Oppo,Oppo K11,38,8,256,64,52753.33
Xiaomi,Xiaomi 14 Ultra,26,4,512,64,55750.28
OnePlus,OnePlus Open,18,16,512,100,81237.76
Xiaomi,Redmi Note 13 Pro,17,4,256,48,51327.31
Samsung,Galaxy S24 Ultra,50,4,128,48,21607.37
Oppo,Oppo K11,29,8,512,64,59611.77
Google,Pixel 8,51,8,256,64,43089.32
Realme,Realme C55,34,4,512,100,65513.52
Oppo,Oppo Find X7 Ultra,40,16,512,100,68791.96
Realme,Realme Narzo 60,6,8,512,100,79623.28
Google,Pixel 7a,24,8,256,100,63879.63
Vivo,Vivo V29 Pro,33,16,512,64,74043.29
OnePlus,OnePlus Nord 3,59,8,128,48,35438.26
Apple,iPhone 14 Pro,43,8,256,100,56683.77
Realme,Realme 12 Pro+,45,8,256,100,57026.69
Vivo,Vivo V29 Pro,27,16,256,48,64800.21
Google,Pixel 8 Pro,38,16,128,32,49873.27
Google,Pixel 7a,45,4,128,32,31524.31
Vivo,Vivo X100 Pro,58,8,128,100,47260.67
Apple,iPhone 15 Pro Max,42,16,256,48,54692.05
Google,Pixel 8 Pro,10,4,512,32,57718.83
Google,Pixel 8,39,4,128,64,42276.4
Realme,Realme 12 Pro+,31,8,512,32,53244.98
Xiaomi,Xiaomi 13T Pro,2,16,512,32,79882.35
Vivo,iQOO 12,32,4,128,48,39313.15
OnePlus,OnePlus Open,41,8,512,64,55706.61
Xiaomi,Xiaomi 13T Pro,17,4,256,64,52559.9
Realme,Realme Narzo 60,24,4,128,64,43333.41
OnePlus,OnePlus Nord 3,45,8,512,64,55039.72
OnePlus,OnePlus 11R,30,16,256,64,63392.24
Samsung,Galaxy Z Fold5,7,16,512,32,76828.57
Google,Pixel Fold,28,4,512,100,64675.85
OnePlus,OnePlus 11R,15,16,512,32,72450.52
Xiaomi,Xiaomi 13T Pro,50,4,512,32,44807.67
Xiaomi,Xiaomi 14 Ultra,4,16,128,48,69209.3
Samsung,Galaxy M34,22,16,256,64,62543.83
Google,Pixel 7a,17,8,512,48,58477.63
Apple,iPhone 15,26,4,256,32,47256.3
Oppo,Oppo A78,56,4,128,100,38063.5
Oppo,Oppo Find X7 Ultra,12,4,512,64,65665.94
Vivo,Vivo Y200,7,8,256,100,72453.97
Samsung,Galaxy S24,11,16,128,100,70794.86
Realme,Realme C55,58,4,256,48,36404.47
Samsung,Galaxy S24 Ultra,35,8,128,64,46443.9
Realme,Realme Narzo 60,13,16,512,32,72969.09
Vivo,Vivo Y200,29,8,256,48,54389.22
OnePlus,OnePlus Open,29,4,256,100,57870.78
OnePlus,OnePlus Open,47,4,128,64,35392.21
Samsung,Galaxy M34,14,8,512,48,63986
Google,Pixel 7a,3,8,128,64,58247.47
Google,Pixel 7a,17,8,256,64,59680.23
Apple,iPhone 14 Pro,37,16,256,100,67150.75
Apple,iPhone 15,59,8,256,48,32597.99
Xiaomi,Xiaomi 14 Ultra,58,8,256,32,34278.32
OnePlus,OnePlus 11R,38,16,512,100,72609.67
OnePlus,OnePlus Nord 3,49,8,512,100,58745.36
OnePlus,OnePlus Open,25,16,256,32,60552.87
Google,Pixel 8 Pro,44,8,512,48,59152.7
Xiaomi,Poco X6 Pro,16,4,512,64,58888.8
OnePlus,OnePlus 12,25,16,512,100,80621.3
Oppo,Oppo K11,17,4,256,100,65246.19
OnePlus,OnePlus Open,7,16,256,64,63815.79
Realme,Realme 12 Pro+,3,16,512,100,86807.59
Xiaomi,Xiaomi 13T Pro,24,16,512,64,77085.98
Oppo,Oppo Find X7 Ultra,58,4,256,64,41139.91
Apple,iPhone 15 Pro Max,25,16,128,48,58917.06
Apple,iPhone 14 Pro,30,16,512,64,69441.73
OnePlus,OnePlus Nord 3,38,4,512,32,54133.06
Samsung,Galaxy A54,48,8,512,64,52432.29
Apple,iPhone 15 Pro Max,54,16,128,32,42793.56
Samsung,Galaxy M34,53,16,128,48,48852.09
Vivo,Vivo X100 Pro,11,4,512,32,56958.97
Apple,iPhone 13 mini,13,8,128,64,55013.26
Realme,Realme Narzo 60,30,8,512,100,64691.84
Oppo,Oppo Find X7 Ultra,18,16,512,48,81594.91
Oppo,Oppo Find X7 Ultra,32,16,256,48,57388.43
Google,Pixel 8 Pro,11,16,128,64,68353.85
Xiaomi,Redmi Note 13 Pro,38,8,128,64,46782.74
OnePlus,OnePlus Open,41,8,512,100,64041.42
Oppo,Oppo Reno 11 Pro,24,4,128,100,50824.23
Vivo,Vivo V29 Pro,41,16,128,100,60268.29
Apple,iPhone 14 Pro,22,4,512,64,56675.31
Vivo,Vivo Y200,28,4,128,100,52785.89
Apple,iPhone 14 Pro,32,16,256,32,61910.28
Realme,Realme Narzo 60,50,8,128,100,47757.24
Samsung,Galaxy A54,33,8,128,32,35004.36
Oppo,Oppo A78,41,4,512,48,49085.15
Xiaomi,Poco X6 Pro,52,8,512,100,59440.05
Realme,Realme GT 5 Pro,26,4,512,48,52704.73
OnePlus,OnePlus 12,39,4,256,100,50246.42
Realme,Realme GT 5 Pro,26,16,256,32,61733.87
Google,Pixel 8 Pro,34,8,512,100,68945.76
Samsung,Galaxy Z Fold5,42,8,128,48,45467.91
Google,Pixel 7a,6,8,256,48,62805.06
Xiaomi,Xiaomi 13T Pro,9,16,128,32,66728.94
Samsung,Galaxy S24 Ultra,8,8,512,64,72003.26
Google,Pixel 8,8,4,256,32,54229.38
Vivo,Vivo Y200,47,4,128,32,33304.31
Vivo,Vivo Y200,59,8,256,32,42596.21
OnePlus,OnePlus Open,16,8,256,100,64492.92
Apple,iPhone 13 mini,4,8,256,32,62112.3
Xiaomi,Redmi Note 13 Pro,3,4,256,32,54828.44
Oppo,Oppo K11,41,4,512,100,58598.78
Apple,iPhone 15,18,8,128,64,49452.81
Google,Pixel 7a,54,8,256,32,43349.7
Xiaomi,Xiaomi 13T Pro,25,16,128,100,70174.02
Realme,Realme Narzo 60,45,16,512,64,60577.86
Apple,iPhone SE 3rd Gen,46,8,128,100,52106.68
Oppo,Oppo K11,36,4,256,100,54216.38
Google,Pixel 8 Pro,53,4,512,64,49259.57
Google,Pixel 8 Pro,55,16,512,64,63284.47
Xiaomi,Poco X6 Pro,59,4,128,100,32188.41
OnePlus,OnePlus 11R,3,4,128,32,48269.3
Google,Pixel 8 Pro,29,4,128,32,35971.24
Realme,Realme 12 Pro+,54,16,128,100,58625.9
Vivo,iQOO 12,31,16,128,64,57440.12
Apple,iPhone 15 Pro Max,58,4,256,48,32629.64
Realme,Realme Narzo 60,4,16,128,64,73715.46
Vivo,Vivo X100 Pro,28,8,256,32,43044.13
Oppo,Oppo Find X7 Ultra,53,8,256,64,50385.65
Google,Pixel 8 Pro,34,8,128,64,50505.71
OnePlus,OnePlus Nord 3,34,16,128,48,53594.85
Apple,iPhone 15,36,8,256,48,42492.91
Apple,iPhone 15,51,8,128,100,44818.5
Vivo,Vivo Y200,58,16,128,48,48918.76
Google,Pixel 7a,15,8,512,64,72525.3
Oppo,Oppo Reno 11 Pro,33,16,128,64,58305.28
Google,Pixel Fold,48,4,256,48,35971.77
OnePlus,OnePlus Open,30,4,256,64,46491.51
OnePlus,OnePlus 12,14,4,512,64,61457.22
Google,Pixel 8 Pro,2,8,128,64,60852.35
Realme,Realme Narzo 60,45,4,256,48,38452.66
Vivo,iQOO 12,41,4,128,48,38286.7
Apple,iPhone 15,47,16,512,48,60755.5
Apple,iPhone 15,14,4,512,32,50618.11
Xiaomi,Xiaomi 13T Pro,2,8,256,64,65044.4
Vivo,Vivo V29 Pro,39,4,128,48,36142.07
Samsung,Galaxy M34,57,8,256,100,45121.07
OnePlus,OnePlus Nord 3,28,4,512,32,54903.7
OnePlus,OnePlus 12,1,16,256,48,67351.26
Xiaomi,Redmi Note 13 Pro,40,4,256,64,39020.01
Apple,iPhone 14 Pro,23,16,512,64,79464.51
Samsung,Galaxy A54,47,8,256,100,54167.72
Realme,Realme 12 Pro+,54,16,256,64,52106.6
Google,Pixel 8,14,16,512,100,82598.26
Google,Pixel 8 Pro,12,4,128,64,44655.4
Apple,iPhone 15 Pro Max,30,16,512,64,71108.73
OnePlus,OnePlus Open,8,4,256,100,59838.17
Apple,iPhone SE 3rd Gen,43,8,256,64,43666.37
Samsung,Galaxy A54,43,8,128,100,44964.06
Apple,iPhone SE 3rd Gen,37,4,128,100,49117.4
Google,Pixel Fold,49,8,256,64,38479.89
Apple,iPhone 15,49,4,512,64,48119.93
Oppo,Oppo Reno 11 Pro,47,4,256,48,44421.22
Vivo,Vivo V29 Pro,15,8,128,100,66228.01
Xiaomi,Xiaomi 14 Ultra,20,8,256,100,71060.32
Oppo,Oppo A78,50,16,512,100,66098.64
Samsung,Galaxy S24 Ultra,37,8,256,32,46565.06
Apple,iPhone 13 mini,53,16,512,48,65136.21
OnePlus,OnePlus Nord 3,20,8,128,48,52228.62
OnePlus,OnePlus 11R,53,16,512,64,68847.92
OnePlus,OnePlus Nord 3,34,8,256,100,57267.31
Xiaomi,Redmi Note 13 Pro,25,8,128,48,50698.06
Realme,Realme 12 Pro+,31,16,256,32,57646.09
Samsung,Galaxy S24,56,16,128,100,47452.01
Samsung,Galaxy S24 Ultra,44,4,128,100,54227.7
Oppo,Oppo Find X7 Ultra,38,16,512,64,72041.59
Xiaomi,Poco X6 Pro,42,16,256,32,48740.31
Vivo,iQOO 12,55,16,128,48,44038.13
Vivo,Vivo V29 Pro,55,8,128,64,37211.32
Apple,iPhone SE 3rd Gen,8,4,256,100,62070.08
Google,Pixel 7a,47,16,128,100,55950.03
Apple,iPhone 14 Pro,22,4,128,100,56096.88
Oppo,Oppo A78,55,8,512,32,42318.34
Realme,Realme 12 Pro+,26,16,512,48,70025.76
Apple,iPhone 15,18,4,128,64,48512.92
Samsung,Galaxy M34,17,16,512,32,71677.26
Realme,Realme Narzo 60,49,8,256,32,40262
Apple,iPhone 13 mini,12,4,128,48,48764.44
Oppo,Oppo K11,4,8,256,32,56876.28
Samsung,Galaxy S24 Ultra,33,16,256,32,57728.59
Xiaomi,Redmi Note 13 Pro,14,16,256,32,63778.37
Oppo,Oppo A78,53,4,128,100,43807.35
Vivo,Vivo Y200,28,4,128,64,50499.96
Realme,Realme GT 5 Pro,2,4,512,48,65351.55
Vivo,Vivo Y200,48,8,512,32,50148.48
Google,Pixel 8 Pro,13,4,256,64,56186.95
Apple,iPhone 14 Pro,41,4,512,100,63984.34
Oppo,Oppo A78,11,16,256,32,63726.49
Samsung,Galaxy M34,46,4,256,64,45013.28
Realme,Realme 12 Pro+,4,16,128,64,72002.49
Vivo,Vivo V29 Pro,18,4,256,100,61412.34
Apple,iPhone 13 mini,13,16,128,64,64032.92
Google,Pixel 8 Pro,11,16,256,64,74751.05
Xiaomi,Poco X6 Pro,1,4,128,48,52911.62
Oppo,Oppo Reno 11 Pro,25,8,128,32,41496.81
Realme,Realme 12 Pro+,21,4,256,64,48317.11
Google,Pixel 7a,7,16,512,64,76159.83
Google,Pixel 8 Pro,15,16,256,48,62923.22
OnePlus,OnePlus Nord 3,25,8,256,32,54365.83
Realme,Realme GT 5 Pro,33,16,512,100,74843.37
Samsung,Galaxy A54,44,8,128,32,32939.96
Samsung,Galaxy A54,38,4,256,48,42751.5
Oppo,Oppo A78,46,4,128,100,41604.62
OnePlus,OnePlus Nord 3,14,16,128,32,56603.51
Realme,Realme Narzo 60,3,8,256,48,68320.42
Samsung,Galaxy S24,21,8,256,64,56872.21
OnePlus,OnePlus 12,6,8,128,100,68339.88
Oppo,Oppo Find X7 Ultra,28,16,512,100,74403.89
Oppo,Oppo Find X7 Ultra,37,8,256,100,51412.45
OnePlus,OnePlus 11R,15,16,256,100,82728.01
Google,Pixel 8 Pro,48,16,256,48,54956.74
Vivo,Vivo Y200,23,8,512,48,63892.95
Realme,Realme C55,59,8,512,32,47453.6
Xiaomi,Poco X6 Pro,43,4,256,48,39378.77
Samsung,Galaxy M34,11,4,256,32,51394.27
Realme,Realme Narzo 60,51,8,512,48,48309.62
Samsung,Galaxy Z Fold5,4,4,512,32,60967.81
Vivo,Vivo V29 Pro,48,4,256,32,41979.83
Xiaomi,Poco X6 Pro,29,4,512,64,58543.84
OnePlus,OnePlus Nord 3,47,16,256,48,60981.27
Oppo,Oppo Reno 11 Pro,42,16,128,48,53701.4
Xiaomi,Poco X6 Pro,36,16,512,100,73390.18
Vivo,iQOO 12,13,16,128,32,64305.71
Realme,Realme C55,4,16,256,64,73377.16
Google,Pixel 8 Pro,7,4,256,100,68231.81
Samsung,Galaxy M34,31,4,128,100,50950.28
Apple,iPhone 14 Pro,31,4,512,100,64603.18
Vivo,iQOO 12,7,8,128,32,55124.05
Realme,Realme C55,42,16,128,48,48368.13
OnePlus,OnePlus Open,56,4,128,100,39816.18
Vivo,Vivo Y200,7,16,256,100,80155.59
Xiaomi,Xiaomi 14 Ultra,54,8,512,100,57038.37
Google,Pixel 7a,42,16,512,100,73526.99
Xiaomi,Xiaomi 14 Ultra,47,16,128,64,51797.47
Oppo,Oppo Find X7 Ultra,54,16,128,32,44605.72
Oppo,Oppo Find X7 Ultra,21,4,256,64,50957.19
Realme,Realme GT 5 Pro,9,4,128,48,50623.87
Samsung,Galaxy S24 Ultra,15,16,512,100,79561.53
Google,Pixel Fold,42,16,512,48,69646.12
Oppo,Oppo Reno 11 Pro,8,16,512,64,81469.41
Google,Pixel Fold,27,4,256,32,48626.4
OnePlus,OnePlus Open,37,16,512,100,78797.01
Google,Pixel 8,36,16,128,32,47072.92
Samsung,Galaxy M34,39,16,128,32,46651.16
Apple,iPhone 14 Pro,36,8,128,48,44226.73
OnePlus,OnePlus Open,10,4,256,64,63503.76
Realme,Realme GT 5 Pro,47,8,256,64,42257.08
Apple,iPhone 14 Pro,49,16,256,100,63619.77
OnePlus,OnePlus 11R,55,8,256,32,38664.85
Samsung,Galaxy S24,21,8,256,48,57779.9
OnePlus,OnePlus 11R,32,16,128,32,56916.04
Apple,iPhone 14 Pro,11,16,256,100,74948.15
Vivo,Vivo Y200,57,16,128,64,42948.14
Samsung,Galaxy Z Fold5,25,16,512,100,77508.06
Samsung,Galaxy S24,54,16,256,32,52647.13
Oppo,Oppo Find X7 Ultra,39,16,256,48,59588.48
Google,Pixel 8,4,16,128,64,66910.48
OnePlus,OnePlus Open,26,4,256,48,49214.21
Realme,Realme C55,45,4,128,100,43391.24
Oppo,Oppo Reno 11 Pro,46,16,128,48,51551
Google,Pixel 8 Pro,36,8,512,64,55382.57
Oppo,Oppo Reno 11 Pro,3,4,512,32,56796.44
OnePlus,OnePlus 12,6,4,256,64,53807.34
Vivo,Vivo Y200,41,4,512,32,43757.09
Apple,iPhone 13 mini,2,8,128,48,63679.82
Vivo,iQOO 12,5,16,256,48,70437.54
Oppo,Oppo Reno 11 Pro,8,16,512,100,84963.87
OnePlus,OnePlus Nord 3,38,16,512,48,71051.32
Samsung,Galaxy M34,44,8,128,32,40069.37
OnePlus,OnePlus 12,58,16,512,32,58669.92
Realme,Realme 12 Pro+,23,4,256,100,53628.67
Google,Pixel 8,44,16,128,48,51978.74
Google,Pixel 7a,34,4,256,100,59486.26
Google,Pixel 8,23,8,512,32,56788.71
Google,Pixel 8,44,8,128,48,39938.75
Vivo,iQOO 12,58,8,128,32,28420.25
Vivo,Vivo X100 Pro,16,4,512,64,64885.59
OnePlus,OnePlus Nord 3,42,4,256,32,37358.52
Apple,iPhone SE 3rd Gen,16,4,256,48,48062.3
Xiaomi,Xiaomi 13T Pro,12,16,512,64,83110.53
Realme,Realme Narzo 60,20,16,256,100,69212.73
OnePlus,OnePlus Open,3,8,128,48,52969.98
Oppo,Oppo Reno 11 Pro,5,16,128,32,61411.67
OnePlus,OnePlus Nord 3,20,8,128,64,52837.24
Xiaomi,Redmi Note 13 Pro,57,8,512,32,48015.25
Oppo,Oppo Reno 11 Pro,30,4,512,64,64777.82
Realme,Realme C55,18,4,128,32,44118.28
OnePlus,OnePlus Open,8,4,128,64,50885.72
Oppo,Oppo Find X7 Ultra,16,8,256,32,54095.45
Samsung,Galaxy A54,12,8,256,100,69061.35
Google,Pixel 7a,14,4,256,32,52029.28
Oppo,Oppo Reno 11 Pro,36,4,512,32,45600.57
OnePlus,OnePlus 11R,2,16,256,100,77468.33
Samsung,Galaxy S24,41,8,256,32,36952.33
Vivo,iQOO 12,52,16,128,64,51050.97
Samsung,Galaxy Z Fold5,23,16,128,48,59579.29
OnePlus,OnePlus Open,15,4,128,32,42315.85
Apple,iPhone 14 Pro,22,16,256,32,53639.72
Vivo,Vivo Y200,12,4,512,100,74879.6
OnePlus,OnePlus 11R,47,16,256,64,58760.96
Xiaomi,Xiaomi 13T Pro,45,8,512,48,45704.58
OnePlus,OnePlus 12,35,16,256,48,59012.44
Samsung,Galaxy M34,14,4,128,64,56706.32
Apple,iPhone 15,6,16,256,32,65345.5
Oppo,Oppo Find X7 Ultra,14,8,256,100,64497.17
Vivo,Vivo X100 Pro,9,4,256,64,55269.14
Samsung,Galaxy A54,14,16,128,100,69312.72
OnePlus,OnePlus Nord 3,20,16,128,48,61634.88
Vivo,Vivo Y200,2,16,128,32,64030.73
Apple,iPhone 15 Pro Max,25,16,128,48,50920.27
Apple,iPhone 15,31,8,512,64,60930.68
Google,Pixel Fold,14,4,256,48,50122.17
Samsung,Galaxy Z Fold5,35,4,128,64,44828.27
Google,Pixel 8 Pro,41,8,512,100,65778.41
Google,Pixel Fold,34,8,256,64,54722.89
OnePlus,OnePlus Nord 3,8,16,128,100,76570.09
Xiaomi,Xiaomi 14 Ultra,15,4,256,64,43267.61
Xiaomi,Xiaomi 13T Pro,4,4,128,64,54986.07
Google,Pixel 7a,31,4,256,64,44729.05
Samsung,Galaxy S24,14,8,128,100,60265.06
OnePlus,OnePlus Open,6,8,256,100,71216.02
Samsung,Galaxy S24,32,16,256,48,60755.37
Samsung,Galaxy M34,23,8,256,32,45951.88
OnePlus,OnePlus 11R,19,4,128,64,51917.96
Xiaomi,Redmi Note 13 Pro,34,16,256,64,54529.3
Xiaomi,Redmi Note 13 Pro,10,4,256,100,62502.99
Google,Pixel Fold,50,8,128,48,32909.08
Vivo,Vivo X100 Pro,31,8,512,100,66288.14
Google,Pixel 8,9,16,128,32,59504.47
Apple,iPhone 15,28,4,512,100,62526.44
Oppo,Oppo Find X7 Ultra,16,4,128,64,48416.97
Google,Pixel 8,16,4,128,48,46570.98
Realme,Realme C55,39,4,128,100,44311.62
Google,Pixel 7a,40,16,128,64,55620.05
Realme,Realme 12 Pro+,52,8,256,48,45269.6
Samsung,Galaxy A54,29,4,256,100,56783.46
Oppo,Oppo A78,39,8,256,64,56918.22
Xiaomi,Xiaomi 14 Ultra,50,8,256,64,40637.64
OnePlus,OnePlus Open,7,16,256,100,77629.51
Realme,Realme C55,27,16,512,48,73885.38
Realme,Realme Narzo 60,37,8,512,100,64690.89
Google,Pixel Fold,22,16,512,64,74083.82
Samsung,Galaxy S24 Ultra,38,4,512,32,44878.95
Apple,iPhone SE 3rd Gen,15,4,256,48,57085.04
Apple,iPhone 15,56,8,128,32,35020.56
OnePlus,OnePlus Nord 3,39,4,128,32,29458.61
Xiaomi,Poco X6 Pro,26,16,256,48,64757.1
Oppo,Oppo Find X7 Ultra,50,4,128,32,26158.07
Apple,iPhone 15 Pro Max,37,16,512,48,67626.74
Apple,iPhone 15 Pro Max,45,16,256,100,62762.37
Samsung,Galaxy S24 Ultra,49,8,256,32,38305.74
Xiaomi,Redmi Note 13 Pro,11,16,512,100,89608.86
Xiaomi,Poco X6 Pro,55,16,256,48,49284.78
Apple,iPhone 15,53,8,256,32,34242.56
Realme,Realme Narzo 60,52,16,256,100,60229.71
Apple,iPhone 13 mini,48,16,128,100,56917.93
Vivo,Vivo Y200,41,16,512,32,67043.05
Vivo,Vivo Y200,29,4,512,64,54796.83
Xiaomi,Xiaomi 13T Pro,21,8,128,32,39041.79
Oppo,Oppo K11,42,8,256,48,43225.51
Apple,iPhone SE 3rd Gen,1,4,128,64,58779.69
Xiaomi,Poco X6 Pro,2,8,512,64,68042.81
Realme,Realme 12 Pro+,10,8,128,48,52398.15
Oppo,Oppo Reno 11 Pro,50,4,512,32,50491.25
Oppo,Oppo K11,34,16,256,64,59111.43
Samsung,Galaxy Z Fold5,8,8,512,32,65978.77
Google,Pixel Fold,15,16,512,100,86718.37
Realme,Realme 12 Pro+,17,8,512,48,64464.01
Xiaomi,Xiaomi 13T Pro,19,8,512,64,63991.39
Xiaomi,Redmi Note 13 Pro,5,4,256,32,52808.1
Oppo,Oppo Find X7 Ultra,37,4,512,64,60036.92
Oppo,Oppo Find X7 Ultra,8,8,512,100,76132.7
OnePlus,OnePlus Nord 3,24,8,512,48,62160.21
Samsung,Galaxy M34,35,4,256,32,37911.9
Google,Pixel 8,46,8,512,32,54101.14
Google,Pixel Fold,36,8,256,64,54581.35
Apple,iPhone 15,7,4,128,100,57345.09
Oppo,Oppo A78,51,4,128,48,31052.92
Samsung,Galaxy S24,5,8,512,32,64862.83
Oppo,Oppo Reno 11 Pro,5,4,512,32,65333.54
Xiaomi,Poco X6 Pro,10,4,256,48,55736.6
Google,Pixel 8 Pro,38,4,512,32,48376.78
Samsung,Galaxy Z Fold5,17,4,128,100,52724.07
Google,Pixel 7a,31,4,128,32,35418.32
Oppo,Oppo Reno 11 Pro,9,8,256,48,60905.98
Oppo,Oppo K11,2,16,512,64,80040.5
Realme,Realme 12 Pro+,41,4,512,64,49978.5
Google,Pixel 8 Pro,41,8,512,64,57551.74
Apple,iPhone 14 Pro,50,8,128,48,39586.5
Xiaomi,Poco X6 Pro,10,4,128,100,56188.57
Vivo,Vivo Y200,40,4,128,100,49295.48
Apple,iPhone 15,2,16,512,64,87570.76
Realme,Realme Narzo 60,31,16,256,100,74607.63
